Year,Var,SCN_Res,SDS_Res,Trt,Combination,Rep,Lstand_3June,Rstand_3June,stand_3June,DS_26Aug,DI_26Aug,DIX_26Aug,Yield_Bu_ac,Yield_kg_ha,Cysts,Eggs,Jvs,Eggs_Jvs,Pi_fecundity,Lesion,Spiral,Cysts2,Eggs2,Jvs2,Eggs_Jvs2,Pf_fecundity,Spiral2,PfPi_SCN,PfPi_fecundity
2014,1,Susc.,S,ILeVO,1,1,105,102,207,7,100,77.77777778,18.11343535,1218.15,12,900,280,1180,75,0,160,105,11200,2880,14080,106.6666667,152,11.93220339,1.422222222
2014,1,Susc.,S,ILeVO,1,2,115,128,243,6,100,66.66666667,9.291293163,624.8504797,11,980,360,1340,89.09090909,0,0,132,12000,3000,15000,90.90909091,8,11.19402985,1.020408163
2014,1,Susc.,S,ILeVO,1,3,113,73,186,5,100,55.55555556,12.11522097,814.7629723,55,3520,320,3840,64,0,4,41,3680,640,4320,89.75609756,16,1.125,1.402439024
2014,1,Susc.,S,ILeVO,1,4,78,107,185,5.5,100,61.11111111,16.41831953,1104.151452,37,2880,960,3840,77.83783784,0,8,206,20200,3000,23200,98.05825243,24,6.041666667,1.25977616
2014,1,Susc.,S,ILeVO,1,5,115,99,214,5.5,100,61.11111111,13.08838999,880.2097426,47,6720,1760,8480,142.9787234,0,4,81,7680,1120,8800,94.81481481,0,1.037735849,0.66313933
2014,1,Susc.,S,Base,2,1,108,114,222,7.5,100,83.33333333,16.59703235,1116.170101,12,920,200,1120,76.66666667,0,0,148,17200,4000,21200,116.2162162,24,18.92857143,1.51586369
2014,1,Susc.,S,Base,2,2,144,131,275,6,100,66.66666667,7.220478897,485.5857654,22,2000,160,2160,90.90909091,0,8,87,8160,1920,10080,93.79310345,32,4.666666667,1.031724138
2014,1,Susc.,S,Base,2,3,106,120,226,5.5,100,61.11111111,10.10965848,679.8865174,36,2760,320,3080,76.66666667,0,40,68,5120,800,5920,75.29411765,24,1.922077922,0.982097187
2014,1,Susc.,S,Base,2,4,117,126,243,6,100,66.66666667,10.01907657,673.7947765,57,4560,800,5360,80,0,64,110,9760,2400,12160,88.72727273,16,2.268656716,1.109090909
2014,1,Susc.,S,Base,2,5,136,123,259,6,100,66.66666667,12.904861,867.8672004,40,4160,800,4960,104,0,48,141,17800,4200,22000,126.2411348,0,4.435483871,1.213857065
2014,2,PI88788,T,ILeVO,3,1,74,85,159,2.5,75,20.83333333,42.98228997,2890.609954,17,1440,320,1760,84.70588235,4,40,65,6160,2320,8480,94.76923077,368,4.818181818,1.118803419
2014,2,PI88788,T,ILeVO,3,2,129,132,261,3,25,8.333333333,37.31688638,2509.604847,19,1520,320,1840,80,0,8,46,2480,800,3280,53.91304348,80,1.782608696,0.673913043
2014,2,PI88788,T,ILeVO,3,3,134,101,235,1.5,65,10.83333333,25.04009048,1683.975769,82,6080,800,6880,74.14634146,0,8,28,2400,280,2680,85.71428571,48,0.389534884,1.156015038
2014,2,PI88788,T,ILeVO,3,4,132,106,238,2.5,50,13.88888889,28.9532424,1947.139874,37,2760,480,3240,74.59459459,0,24,71,5200,880,6080,73.23943662,64,1.87654321,0.981833027
2014,2,PI88788,T,ILeVO,3,5,133,110,243,2,25,5.555555556,48.76145025,3279.265334,38,3720,720,4440,97.89473684,0,40,9,580,80,660,64.44444444,304,0.148648649,0.658303465
2014,2,PI88788,T,Base,4,1,88,115,203,1.5,25,4.166666667,39.2771293,2641.433507,6,480,80,560,80,0,72,80,8000,2560,10560,100,136,18.85714286,1.25
2014,2,PI88788,T,Base,4,2,104,134,238,2,55,12.22222222,28.11242711,1890.594049,26,2120,280,2400,81.53846154,0,48,59,4160,720,4880,70.50847458,56,2.033333333,0.864726575
2014,2,PI88788,T,Base,4,3,116,120,236,3.5,10,3.888888889,18.02332075,1212.089686,68,5600,720,6320,82.35294118,0,8,74,5280,720,6000,71.35135135,24,0.949367089,0.866409266
2014,2,PI88788,T,Base,4,4,115,128,243,1.5,20,3.333333333,35.07230897,2358.654355,34,2720,440,3160,80,0,8,40,3120,480,3600,78,16,1.139240506,0.975
2014,2,PI88788,T,Base,4,5,116,112,228,2,5,1.111111111,41.33651831,2779.929859,22,2040,480,2520,92.72727273,0,8,52,3520,560,4080,67.69230769,72,1.619047619,0.730015083
2014,3,PI88788,S,ILeVO,5,1,115,114,229,2.5,95,26.38888889,27.69139957,1862.279448,38,3480,480,3960,91.57894737,0,8,59,4400,800,5200,74.57627119,16,1.313131313,0.814338593
2014,3,PI88788,S,ILeVO,5,2,89,99,188,3,75,25,46.92949833,3156.064396,43,3840,560,4400,89.30232558,0,24,29,1960,240,2200,67.5862069,88,0.5,0.756824713
2014,3,PI88788,S,ILeVO,5,3,98,59,157,3,50,16.66666667,43.31108571,2912.721858,46,3600,560,4160,78.26086957,0,24,53,4720,880,5600,89.05660377,128,1.346153846,1.137945493
2014,3,PI88788,S,ILeVO,5,4,83,69,152,3.5,60,23.33333333,48.33278361,3250.436994,7,580,60,640,82.85714286,0,0,97,8960,1760,10720,92.37113402,344,16.75,1.114824031
2014,3,PI88788,S,ILeVO,5,5,130,116,246,1,5,0.555555556,39.31766132,2644.159333,16,1280,320,1600,80,0,4,51,3240,640,3880,63.52941176,48,2.425,0.794117647
2014,3,PI88788,S,Base,6,1,132,113,245,1.5,70,11.66666667,30.86751724,2075.877127,32,1600,720,2320,50,0,20,138,9600,2000,11600,69.56521739,16,5,1.391304348
2014,3,PI88788,S,Base,6,2,106,120,226,2.5,60,16.66666667,47.71493257,3208.885779,66,7520,200,9520,113.9393939,0,8,59,4400,640,5040,74.57627119,88,0.529411765,0.654525784
2014,3,PI88788,S,Base,6,3,64,74,138,4,5,2.222222222,38.98516524,2621.798578,27,1760,240,2000,65.18518519,0,24,97,7200,1120,8320,74.22680412,96,4.16,1.138706654
2014,3,PI88788,S,Base,6,4,84,105,189,4,10,4.444444444,55.60343637,3739.397012,7,540,20,560,77.14285714,0,0,46,3200,640,3840,69.56521739,168,6.857142857,0.901771337
2014,3,PI88788,S,Base,6,5,116,117,233,2.5,20,5.555555556,33.46275862,2250.410186,20,2160,240,2400,108,0,0,45,3360,400,3760,74.66666667,8,1.566666667,0.691358025
2014,4,PI88788,MT,ILeVO,7,1,129,114,243,2.5,80,22.22222222,39.56932225,2661.083829,14,1200,100,1300,85.71428571,0,40,20,1440,360,1800,72,24,1.384615385,0.84
2014,4,PI88788,MT,ILeVO,7,2,137,144,281,2.5,20,5.555555556,44.97955531,3024.928416,64,6800,1520,8320,106.25,8,32,11,760,140,900,69.09090909,72,0.108173077,0.65026738
2014,4,PI88788,MT,ILeVO,7,3,132,133,265,0,0,0,48.05679393,3231.876361,37,3120,440,3560,84.32432432,0,4,40,1840,640,2480,46,104,0.696629213,0.545512821
2014,4,PI88788,MT,ILeVO,7,4,130,128,258,2,65,14.44444444,30.67472788,2062.911814,68,5520,640,6160,81.17647059,0,72,36,2920,480,3400,81.11111111,240,0.551948052,0.999194847
2014,4,PI88788,MT,ILeVO,7,5,160,115,275,2,5,1.111111111,40.73158983,2739.247702,28,2880,360,3240,102.8571429,0,16,26,1920,360,2280,73.84615385,40,0.703703704,0.717948718
2014,4,PI88788,MT,Base,8,1,151,140,291,1.5,15,2.5,41.61641813,2798.753454,4,260,50,310,65,0,8,48,3680,800,4480,76.66666667,88,14.4516129,1.179487179
2014,4,PI88788,MT,Base,8,2,138,134,272,2,10,2.222222222,38.19621186,2568.740528,39,4920,440,5360,126.1538462,0,48,72,4240,880,5120,58.88888889,80,0.955223881,0.466802168
2014,4,PI88788,MT,Base,8,3,139,143,282,2,10,2.222222222,45.70247488,3073.545614,82,7040,1280,8320,85.85365854,0,16,84,6400,1120,7520,76.19047619,48,0.903846154,0.887445887
2014,4,PI88788,MT,Base,8,4,149,137,286,3.5,90,35,31.76066175,2135.942154,31,2440,280,2720,78.70967742,0,0,78,5600,880,6480,71.79487179,8,2.382352941,0.912147961
2014,4,PI88788,MT,Base,8,5,173,130,303,0,0,0,53.24422487,3580.737241,37,4040,520,4560,109.1891892,0,4,28,1960,320,2280,70,0,0.5,0.641089109
2014,5,Susc.,S,ILeVO,9,1,140,118,258,6,100,66.66666667,16.79999764,1129.819757,38,3240,400,3640,85.26315789,0,16,71,7480,760,8240,105.3521127,24,2.263736264,1.235611198
2014,5,Susc.,S,ILeVO,9,2,133,138,271,6,100,66.66666667,11.23075507,755.2815921,99,10720,1760,12480,108.2828283,0,0,158,10800,4400,15200,68.35443038,0,1.217948718,0.631258266
2014,5,Susc.,S,ILeVO,9,3,146,141,287,5.5,100,61.11111111,12.83939941,863.4648309,38,3080,400,3480,81.05263158,0,8,125,11400,2800,14200,91.2,8,4.08045977,1.125194805
2014,5,Susc.,S,ILeVO,9,4,132,143,275,6.5,100,72.22222222,15.56263614,1046.605729,36,3360,440,3800,93.33333333,8,40,56,5120,800,5920,91.42857143,112,1.557894737,0.979591837
2014,5,Susc.,S,ILeVO,9,5,151,138,289,7,100,77.77777778,14.89699547,1001.840605,31,3120,520,3640,100.6451613,0,24,32,2760,400,3160,86.25,16,0.868131868,0.856971154
2014,5,Susc.,S,Base,10,1,141,139,280,6.5,100,72.22222222,13.48099744,906.613059,45,4480,960,5440,99.55555556,0,0,73,5600,1200,6800,76.71232877,16,1.25,0.770547945
2014,5,Susc.,S,Base,10,2,138,132,270,5.5,100,61.11111111,8.037413675,540.5255977,35,3760,400,4160,107.4285714,0,8,187,18600,4400,23000,99.46524064,64,5.528846154,0.925873251
2014,5,Susc.,S,Base,10,3,146,137,283,5,100,55.55555556,6.916612729,465.1504054,43,3360,400,3760,78.13953488,0,0,53,4240,640,4880,80,48,1.29787234,1.023809524
2014,5,Susc.,S,Base,10,4,143,147,290,7,100,77.77777778,12.48404327,839.5667092,53,4560,800,5360,86.03773585,0,72,60,5440,640,6080,90.66666667,64,1.134328358,1.05380117
2014,5,Susc.,S,Base,10,5,136,144,280,6,100,66.66666667,14.59478873,981.5168436,29,3200,400,3600,110.3448276,0,80,60,5840,640,6480,97.33333333,32,1.8,0.882083333
2014,6,Unknown,T,ILeVO,11,1,140,104,244,2,10,2.222222222,41.23573186,2773.151851,58,6240,320,6560,107.5862069,0,0,51,4040,520,4560,79.21568627,0,0.695121951,0.736299648
2014,6,Unknown,T,ILeVO,11,2,141,141,282,3,75,25,38.33136946,2577.830036,55,5680,640,6320,103.2727273,0,168,16,1200,200,1400,75,144,0.221518987,0.726232394
2014,6,Unknown,T,ILeVO,11,3,141,125,266,1,25,2.777777778,48.57410648,3266.666243,56,6000,880,6880,107.1428571,0,24,34,2400,480,2880,70.58823529,56,0.418604651,0.658823529
2014,6,Unknown,T,ILeVO,11,4,111,145,256,2.5,70,19.44444444,37.44273592,2518.068377,14,1700,100,1800,121.4285714,0,8,43,2400,640,3040,55.81395349,136,1.688888889,0.459644323
2014,6,Unknown,T,ILeVO,11,5,143,157,300,1,10,1.111111111,33.55513348,2256.622505,18,1520,400,1920,84.44444444,0,8,25,680,520,1200,27.2,24,0.625,0.322105263
2014,6,Unknown,T,Base,12,1,134,114,248,2.5,5,1.388888889,35.2464536,2370.365788,119,10880,2240,13120,91.42857143,0,16,54,3680,1120,4800,68.14814815,24,0.365853659,0.74537037
2014,6,Unknown,T,Base,12,2,132,142,274,1.5,10,1.666666667,34.40024039,2313.456946,20,2040,240,2280,102,0,16,46,3120,640,3760,67.82608696,104,1.649122807,0.664961637
2014,6,Unknown,T,Base,12,3,137,115,252,1,5,0.555555556,41.98960835,2823.850939,29,2840,360,3200,97.93103448,0,32,44,3440,480,3920,78.18181818,72,1.225,0.798335467
2014,6,Unknown,T,Base,12,4,137,139,276,1,5,0.555555556,32.93532737,2214.939809,25,2440,280,2720,97.6,0,8,61,3920,800,4720,64.26229508,88,1.735294118,0.658425155
2014,6,Unknown,T,Base,12,5,130,147,277,1,5,0.555555556,39.05673048,2626.611425,43,4320,480,4800,100.4651163,0,8,19,1320,280,1600,69.47368421,16,0.333333333,0.691520468
2014,7,PI88788,T,ILeVO,13,1,136,145,281,3.5,100,38.88888889,0.095245478,6.405371305,30,2560,280,2840,85.33333333,0,40,60,4320,720,5040,72,56,1.774647887,0.84375
2014,7,PI88788,T,ILeVO,13,2,152,121,273,1,10,1.111111111,49.51246566,3329.772011,20,1960,280,2240,98,8,128,79,6320,1440,7760,80,272,3.464285714,0.816326531
2014,7,PI88788,T,ILeVO,13,3,153,144,297,3,85,28.33333333,33.17815708,2231.270395,20,1640,240,1880,82,0,8,51,4080,640,4720,80,128,2.510638298,0.975609756
2014,7,PI88788,T,ILeVO,13,4,131,133,264,2.5,50,13.88888889,50.90425892,3423.371757,26,2400,240,2640,92.30769231,0,8,19,1280,360,1640,67.36842105,56,0.621212121,0.729824561
2014,7,PI88788,T,ILeVO,13,5,142,131,273,2.5,70,19.44444444,46.00843917,3094.122075,52,5760,880,6640,110.7692308,0,8,29,2200,400,2600,75.86206897,16,0.391566265,0.6848659
2014,7,PI88788,T,Base,14,1,148,141,289,3.5,100,38.88888889,17.59485438,1183.274815,23,2040,280,2320,88.69565217,0,0,100,6720,2240,8960,67.2,8,3.862068966,0.757647059
2014,7,PI88788,T,Base,14,2,113,155,268,0,0,0,51.31756154,3451.166848,2,140,10,150,70,0,4,64,6560,1600,8160,102.5,200,54.4,1.464285714
2014,7,PI88788,T,Base,14,3,129,139,268,6,95,63.33333333,22.0260532,1481.278189,37,3160,520,3680,85.40540541,0,32,56,4640,560,5200,82.85714286,88,1.413043478,0.970162749
2014,7,PI88788,T,Base,14,4,156,134,290,2,65,14.44444444,44.15404682,2969.411992,51,5280,880,6160,103.5294118,0,24,26,1760,320,2080,67.69230769,16,0.337662338,0.653846154
2014,7,PI88788,T,Base,14,5,147,129,276,2.5,75,20.83333333,37.17114278,2499.803417,40,3840,720,4560,96,0,8,19,1200,200,1400,63.15789474,0,0.307017544,0.657894737
2014,8,Unknown,MT,ILeVO,15,1,147,97,244,3,80,26.66666667,30.73876847,2067.218619,64,6560,640,7200,102.5,0,8,89,7360,1120,8480,82.69662921,0,1.177777778,0.806796383
2014,8,Unknown,MT,ILeVO,15,2,113,135,248,1.5,10,1.666666667,38.38470006,2581.416583,10,5060,160,1220,506,0,0,54,3680,640,4320,68.14814815,72,3.540983607,0.134680135
2014,8,Unknown,MT,ILeVO,15,3,156,92,248,2,50,11.11111111,32.82985829,2207.846888,53,4640,960,5600,87.54716981,0,32,18,1160,320,1480,64.44444444,8,0.264285714,0.736111111
2014,8,Unknown,MT,ILeVO,15,4,148,115,263,1.5,25,4.166666667,26.52339074,1783.72947,76,8400,1040,9440,110.5263158,0,40,115,7840,1280,8120,68.17391304,16,0.860169492,0.616811594
2014,8,Unknown,MT,ILeVO,15,5,146,124,270,1,5,0.555555556,49.59657198,3335.42826,9,780,100,880,86.66666667,0,136,68,4720,880,5600,69.41176471,304,6.363636364,0.800904977
2014,8,Unknown,MT,Base,16,1,121,125,246,3,55,18.33333333,25.80886368,1735.676678,20,2080,400,2480,104,0,40,76,5760,960,6720,75.78947368,40,2.709677419,0.728744939
2014,8,Unknown,MT,Base,16,2,108,128,236,1,5,0.555555556,32.83364445,2208.101512,43,3920,720,4640,91.1627907,0,0,85,6960,1040,8000,81.88235294,8,1.724137931,0.89819928
2014,8,Unknown,MT,Base,16,3,147,114,261,2,15,3.333333333,31.0284532,2086.700261,59,5200,1040,6240,88.13559322,0,16,39,3000,240,3240,76.92307692,56,0.519230769,0.872781065
2014,8,Unknown,MT,Base,16,4,132,122,254,1,10,1.111111111,20.02600307,1346.772446,49,3960,520,4480,80.81632653,0,8,82,5920,1280,7200,72.19512195,120,1.607142857,0.893323479
2014,8,Unknown,MT,Base,16,5,141,110,251,0,0,0,53.4758296,3596.312934,10,780,80,860,78,0,64,76,5920,800,6720,77.89473684,304,7.813953488,0.998650472
2014,9,PI88788,T,ILeVO,17,1,137,117,254,3,95,31.66666667,31.35800236,2108.862832,69,6400,720,7120,92.75362319,0,16,19,1920,400,2320,101.0526316,136,0.325842697,1.089473684
2014,9,PI88788,T,ILeVO,17,2,146,128,274,3,80,26.66666667,36.43525297,2450.313955,25,1960,480,2440,78.4,0,16,36,1960,520,2480,54.44444444,88,1.016393443,0.694444444
2014,9,PI88788,T,ILeVO,17,3,159,126,285,2,50,11.11111111,47.28509289,3179.978551,8,740,60,800,92.5,0,8,107,8640,1440,10080,80.74766355,384,12.6,0.872947714
2014,9,PI88788,T,ILeVO,17,4,129,139,268,4,95,42.22222222,44.30297576,2979.427639,28,2440,400,2840,87.14285714,0,4,43,2960,800,3760,68.8372093,88,1.323943662,0.789935189
2014,9,PI88788,T,ILeVO,17,5,133,157,290,4.5,100,50,28.02243649,1884.542073,7,600,80,680,85.71428571,0,4,57,3840,880,4720,67.36842105,64,6.941176471,0.785964912
2014,9,PI88788,T,Base,18,1,125,148,273,4.5,80,40,34.10142881,2293.361513,57,6160,800,6960,108.0701754,0,8,43,3440,640,4080,80,64,0.586206897,0.74025974
2014,9,PI88788,T,Base,18,2,140,150,290,2.5,75,20.83333333,44.16521458,2970.163037,21,1820,300,2120,86.66666667,0,8,76,7120,800,7920,93.68421053,24,3.735849057,1.08097166
2014,9,PI88788,T,Base,18,3,141,145,286,4.5,85,42.5,39.72557557,2671.59205,28,2440,320,2760,87.14285714,0,24,66,6320,1280,8600,95.75757576,56,3.115942029,1.098857427
2014,9,PI88788,T,Base,18,4,128,127,255,3,95,31.66666667,32.41464828,2179.923523,25,2160,400,2560,86.4,0,8,41,2480,720,3200,60.48780488,152,1.25,0.700090334
2014,9,PI88788,T,Base,18,5,151,144,295,4,100,44.44444444,17.32987034,1165.454324,65,5040,800,5840,77.53846154,0,8,87,5120,1440,6560,58.85057471,8,1.123287671,0.758985587
2014,10,Unknown,T,ILeVO,19,1,130,118,248,3.5,95,36.94444444,16.74830739,1126.343526,115,10240,1920,12160,89.04347826,0,0,79,6400,1520,7920,81.01265823,24,0.651315789,0.909810127
2014,10,Unknown,T,ILeVO,19,2,146,147,293,1,5,0.555555556,47.05052217,3164.203392,8,740,100,840,92.5,8,16,52,4000,560,4560,76.92307692,264,5.428571429,0.831600832
2014,10,Unknown,T,ILeVO,19,3,145,132,277,1,20,2.222222222,45.538592,3062.524296,72,6240,720,6960,86.66666667,0,8,26,1520,360,1880,58.46153846,48,0.270114943,0.674556213
2014,10,Unknown,T,ILeVO,19,4,153,137,290,1,5,0.555555556,46.68830897,3139.844125,18,1560,160,1720,86.66666667,0,56,56,4400,800,5200,78.57142857,96,3.023255814,0.906593407
2014,10,Unknown,T,ILeVO,19,5,157,123,280,0,0,0,51.57855913,3468.719246,13,1060,160,1220,81.53846154,0,0,76,5600,960,6560,73.68421053,408,5.37704918,0.90367428
2014,10,Unknown,T,Base,20,1,111,98,209,2,60,13.33333333,15.60709738,1049.5958,57,5360,800,6160,94.03508772,0,0,78,6080,960,7040,77.94871795,0,1.142857143,0.828932262
2014,10,Unknown,T,Base,20,2,151,143,294,0,0,0,52.01364414,3497.979229,11,840,120,960,76.36363636,0,88,130,11600,2800,14400,89.23076923,184,15,1.168498168
2014,10,Unknown,T,Base,20,3,123,106,229,0,0,0,38.10913955,2562.884812,42,3520,720,4240,83.80952381,0,24,41,2720,560,3280,66.34146341,56,0.773584906,0.791574279
2014,10,Unknown,T,Base,20,4,140,151,291,1,5,0.555555556,46.21322601,3107.894233,14,1180,160,1340,84.28571429,0,4,101,9280,1280,10560,91.88118812,160,7.880597015,1.090115791
2014,10,Unknown,T,Base,20,5,153,149,302,1,10,1.111111111,53.20349257,3577.997946,20,1880,320,2200,94,0,24,75,5680,720,6400,75.73333333,72,2.909090909,0.805673759
2014,11,PI88788,MT,ILeVO,21,1,134,122,256,4,90,40,26.62166897,1790.338797,57,4080,1360,5440,71.57894737,0,0,120,11200,2800,14000,93.33333333,0,2.573529412,1.303921569
2014,11,PI88788,MT,ILeVO,21,2,133,121,254,5,90,50,31.72002483,2133.209273,47,4320,640,4960,91.91489362,0,16,72,5200,720,5920,72.22222222,56,1.193548387,0.785751029
2014,11,PI88788,MT,ILeVO,21,3,147,112,259,3.5,95,36.94444444,40.67469241,2735.421283,30,2800,400,3200,93.33333333,0,64,66,4560,880,5440,69.09090909,136,1.7,0.74025974
2014,11,PI88788,MT,ILeVO,21,4,113,123,236,4.5,85,42.5,28.74144591,1932.896309,37,3360,640,4000,90.81081081,8,24,29,2080,360,2440,71.72413793,32,0.61,0.789819376
2014,11,PI88788,MT,ILeVO,21,5,124,129,253,3,95,31.66666667,41.31938995,2778.777957,84,8160,2880,11040,97.14285714,0,24,31,2440,440,2880,78.70967742,24,0.260869565,0.810246679
2014,11,PI88788,MT,Base,22,1,129,97,226,3.5,90,35,21.78271803,1464.91361,67,5280,960,6240,78.80597015,0,8,69,3760,960,4720,54.49275362,32,0.756410256,0.691480018
2014,11,PI88788,MT,Base,22,2,90,128,218,4,85,37.77777778,25.36097056,1705.555335,88,8160,1600,9760,92.72727273,0,32,86,4800,1600,6400,55.81395349,40,0.655737705,0.601915185
2014,11,PI88788,MT,Base,22,3,127,117,244,5,95,52.77777778,32.8752923,2210.90238,24,2040,280,2320,85,8,64,80,5920,1120,7040,74,104,3.034482759,0.870588235
2014,11,PI88788,MT,Base,22,4,151,137,288,4.5,100,50,25.10921427,1688.624426,25,1920,360,2280,76.8,0,8,76,5600,640,6240,73.68421053,32,2.736842105,0.959429825
2014,11,PI88788,MT,Base,22,5,147,119,266,3,95,31.66666667,39.709296,2670.49723,51,5600,800,6400,109.8039216,0,8,51,3360,800,4160,65.88235294,40,0.65,0.6
2014,12,Peking,MT,ILeVO,23,1,134,120,254,0,0,0,56.90146238,3826.690799,23,2080,320,2400,90.43478261,0,56,3,270,70,340,90,160,0.141666667,0.995192308
2014,12,Peking,MT,ILeVO,23,2,119,101,220,0,0,0,60.74408859,4085.111967,65,6400,880,7280,98.46153846,0,8,5,320,60,380,64,40,0.052197802,0.65
2014,12,Peking,MT,ILeVO,23,3,130,117,247,0,0,0,64.59279937,4343.94233,13,440,40,480,33.84615385,16,128,3,140,60,200,46.66666667,248,0.416666667,1.378787879
2014,12,Peking,MT,ILeVO,23,4,133,136,269,0,0,0,65.17892099,4383.359704,16,1520,320,1840,95,0,0,11,820,100,920,74.54545455,48,0.5,0.784688995
2014,12,Peking,MT,ILeVO,23,5,147,103,250,0,0,0,74.01208788,4977.400648,17,1640,240,1880,96.47058824,0,8,2,130,20,150,65,128,0.079787234,0.673780488
2014,12,Peking,MT,Base,24,1,115,136,251,0,0,0,52.85887503,3554.822008,12,1040,140,1180,86.66666667,0,40,2,520,30,150,260,48,0.127118644,3
2014,12,Peking,MT,Base,24,2,113,126,239,0,0,0,63.66103023,4281.279751,30,2680,480,3160,89.33333333,0,40,3,200,60,260,66.66666667,32,0.082278481,0.746268657
2014,12,Peking,MT,Base,24,3,118,115,233,0,0,0,66.86367968,4496.661723,7,400,80,480,57.14285714,0,24,3,180,40,220,60,152,0.458333333,1.05
2014,12,Peking,MT,Base,24,4,118,131,249,0,0,0,61.78701084,4155.249725,52,7840,1680,9520,150.7692308,0,8,7,580,80,660,82.85714286,88,0.069327731,0.549562682
2014,12,Peking,MT,Base,24,5,137,122,259,0,0,0,69.90208386,4700.998006,11,940,220,1160,85.45454545,0,0,1,80,0,80,80,8,0.068965517,0.936170213
2015,13,Susc.,S,Base,1,1,131,137,268,8,100,88.88888889,17.3379386,1165.996924,17,1640,320,1960,96.47058824,0,32,16,960,240,1200,60,0,0.612244898,0.62195122
2015,13,Susc.,S,Base,1,2,140,154,294,8.5,100,94.44444444,4.493045911,302.1626638,25,2840,400,3240,113.6,0,44,26,2920,360,3280,112.3076923,16,1.012345679,0.988624052
2015,13,Susc.,S,Base,1,3,121,131,252,5,95,52.77777778,8.087082089,543.8658574,72,4000,1040,5040,55.55555556,0,8,67,6160,800,6960,91.94029851,16,1.380952381,1.654925373
2015,13,Susc.,S,Base,1,4,137,162,299,7.5,100,83.33333333,5.834035862,392.3458277,45,4320,720,5040,96,0,0,68,6880,800,7680,101.1764706,0,1.523809524,1.053921569
2015,13,Susc.,S,Base,1,5,133,124,257,6.5,100,72.22222222,21.03840709,1414.857817,17,2720,200,2920,160,4,4,57,6480,640,7120,113.6842105,8,2.438356164,0.710526316
2015,13,Susc.,S,ILeVO,2,1,122,126,248,6,100,66.66666667,18.26018033,1228.018774,12,1320,180,1500,110,0,16,15,760,320,1080,50.66666667,0,0.72,0.460606061
2015,13,Susc.,S,ILeVO,2,2,130,149,279,8.5,100,94.44444444,8.804899389,592.1399218,28,3160,600,3760,112.8571429,8,64,46,5320,960,6280,115.6521739,44,1.670212766,1.024766098
2015,13,Susc.,S,ILeVO,2,3,156,110,266,7.5,100,83.33333333,9.925595429,667.508059,41,4160,640,4800,101.4634146,8,4,48,3920,560,4480,81.66666667,36,0.933333333,0.804887821
2015,13,Susc.,S,ILeVO,2,4,137,139,276,7,100,77.77777778,9.379652966,630.7927812,16,2440,760,3200,152.5,0,4,110,12960,1600,14560,117.8181818,24,4.55,0.772578241
2015,13,Susc.,S,ILeVO,2,5,97,86,183,6,100,66.66666667,25.82757517,1736.935048,31,3880,560,4440,125.1612903,0,48,54,5360,1040,6400,99.25925926,8,1.441441441,0.793050783
2015,14,PI88788,MT,Base,3,1,162,137,299,8.5,100,94.44444444,8.163358581,548.9955419,53,6320,1200,7520,119.245283,8,32,17,1040,320,1360,61.17647059,20,0.180851064,0.513030529
2015,14,PI88788,MT,Base,3,2,149,162,311,8,100,88.88888889,9.140590345,614.7155365,9,860,160,1020,95.55555556,0,20,40,3680,640,4320,92,12,4.235294118,0.962790698
2015,14,PI88788,MT,Base,3,3,121,155,276,8,100,88.88888889,23.232,1562.379541,10,1980,440,2420,198,4,8,44,2960,800,3760,67.27272727,48,1.553719008,0.339761249
2015,14,PI88788,MT,Base,3,4,148,171,319,6.5,100,72.22222222,7.893157833,530.8242213,35,3760,480,4240,107.4285714,0,0,76,9120,720,9840,120,0,2.320754717,1.117021277
2015,14,PI88788,MT,Base,3,5,163,142,305,5,95,52.77777778,9.517108966,640.0368601,23,2600,240,2840,113.0434783,0,32,29,2920,280,3200,100.6896552,0,1.126760563,0.89071618
2015,14,PI88788,MT,ILeVO,4,1,157,145,302,7,100,77.77777778,11.51853241,774.6349593,34,3560,440,4000,104.7058824,8,20,20,1960,240,2200,98,16,0.55,0.935955056
2015,14,PI88788,MT,ILeVO,4,2,157,161,318,6.5,100,72.22222222,16.09645714,1082.505824,25,2480,360,2840,99.2,0,4,25,2720,640,3360,108.8,36,1.183098592,1.096774194
2015,14,PI88788,MT,ILeVO,4,3,142,127,269,7,100,77.77777778,21.54056544,1448.628561,13,460,340,800,35.38461538,0,80,26,2680,360,3040,103.0769231,60,3.8,2.913043478
2015,14,PI88788,MT,ILeVO,4,4,156,142,298,7,100,77.77777778,9.337719015,627.9726733,43,4320,720,5040,100.4651163,0,8,61,11200,640,11840,183.6065574,4,2.349206349,1.82756527
2015,14,PI88788,MT,ILeVO,4,5,163,144,307,6.5,100,72.22222222,10.20802254,686.501617,40,4000,880,4880,100,0,16,16,1360,120,1480,85,12,0.303278689,0.85
2015,15,PI88788,T,Base,5,1,136,155,291,6.5,100,72.22222222,12.25287724,824.0205197,55,7280,880,8160,132.3636364,4,28,64,4720,1360,6080,73.75,4,0.745098039,0.557177198
2015,15,PI88788,T,Base,5,2,156,151,307,5.5,90,55,24.24915342,1630.784314,37,4760,920,5680,128.6486486,0,28,10,780,80,860,78,52,0.151408451,0.606302521
2015,15,PI88788,T,Base,5,3,150,148,298,6.5,100,72.22222222,26.77150392,1800.415375,20,2080,280,2360,104,0,24,58,4400,720,5120,75.86206897,4,2.169491525,0.729442971
2015,15,PI88788,T,Base,5,4,139,168,307,7.5,100,83.33333333,13.00400709,874.5348925,31,3280,1000,4280,105.8064516,0,8,47,3840,560,4400,81.70212766,8,1.028037383,0.772184743
2015,15,PI88788,T,Base,5,5,137,167,304,4.5,85,42.5,21.54147145,1448.689492,45,5120,960,6080,113.7777778,0,0,22,1880,120,2000,85.45454545,8,0.328947368,0.751065341
2015,15,PI88788,T,ILeVO,6,1,155,141,296,5.5,100,61.11111111,22.16282254,1490.476089,45,5280,960,6240,117.3333333,8,4,32,3400,400,3800,106.25,76,0.608974359,0.905539773
2015,15,PI88788,T,ILeVO,6,2,156,161,317,5.5,95,58.05555556,27.91637612,1877.409388,18,1960,440,2400,108.8888889,0,0,44,5120,880,6000,116.3636364,48,2.5,1.06864564
2015,15,PI88788,T,ILeVO,6,3,141,152,293,6.5,100,72.22222222,28.67841624,1928.657489,19,2040,360,2400,107.3684211,24,60,40,3600,480,4080,90,72,1.7,0.838235294
2015,15,PI88788,T,ILeVO,6,4,147,146,293,6.5,100,72.22222222,19.65678975,1321.942413,41,4640,800,5440,113.1707317,8,72,22,1840,200,2040,83.63636364,104,0.375,0.739028213
2015,15,PI88788,T,ILeVO,6,5,167,141,308,6,100,66.66666667,23.86716059,1605.094843,32,3120,600,3720,97.5,0,8,17,1320,200,1520,77.64705882,68,0.408602151,0.79638009
2015,16,PI88788,NG,Base,7,1,144,153,297,4,95,42.22222222,31.24745963,2101.428703,14,1460,180,1640,104.2857143,0,0,108,10080,2720,12800,93.33333333,16,7.804878049,0.894977169
2015,16,PI88788,NG,Base,7,2,121,185,306,2,15,3.333333333,39.1963323,2635.999813,44,4800,960,5760,109.0909091,0,8,40,3840,720,4560,96,132,0.791666667,0.88
2015,16,PI88788,NG,Base,7,3,168,149,317,2,1,0.222222222,37.9894318,2554.834324,11,1140,180,1320,103.6363636,0,8,139,13400,800,14200,96.4028777,72,10.75757576,0.930203206
2015,16,PI88788,NG,Base,7,4,171,149,320,3,10,3.333333333,43.51708374,2926.575469,36,3960,760,4720,110,0,36,107,7360,1600,8980,68.78504673,0,1.902542373,0.625318607
2015,16,PI88788,NG,Base,7,5,114,144,258,0,0,0,42.28756162,2843.888649,15,1580,140,1720,105.3333333,0,0,78,6880,960,7840,88.20512821,8,4.558139535,0.837390458
2015,16,PI88788,NG,ILeVO,8,1,151,125,276,3,80,26.66666667,41.95354916,2821.425915,19,2040,280,2320,107.3684211,0,16,71,6560,2160,8720,92.3943662,96,3.75862069,0.860535764
2015,16,PI88788,NG,ILeVO,8,2,142,149,291,2.5,15,4.166666667,42.789472,2877.642717,7,680,120,800,97.14285714,0,20,22,3000,360,3360,136.3636364,168,4.2,1.403743316
2015,16,PI88788,NG,ILeVO,8,3,162,134,296,5,1,0.555555556,47.91695369,3222.471939,27,2640,600,3240,97.77777778,8,16,84,7840,640,8480,93.33333333,136,2.617283951,0.954545455
2015,16,PI88788,NG,ILeVO,8,4,152,138,290,3,5,1.666666667,47.69253029,3207.3792,28,3040,480,3520,108.5714286,0,8,85,6720,640,7360,79.05882353,56,2.090909091,0.728173375
2015,16,PI88788,NG,ILeVO,8,5,115,126,241,1,1,0.111111111,44.4807349,2991.382152,27,2880,560,3440,106.6666667,0,0,77,6480,720,7200,84.15584416,32,2.093023256,0.788961039
2015,17,PI88788,T,Base,9,1,147,142,289,5,95,52.77777778,37.17114278,2499.803417,28,2840,400,3240,101.4285714,0,8,49,4000,720,4720,81.63265306,36,1.456790123,0.804828974
2015,17,PI88788,T,Base,9,2,151,146,297,5,100,55.55555556,36.54519488,2457.707679,40,4720,720,5440,118,16,68,77,7120,1360,8480,92.46753247,20,1.558823529,0.783623157
2015,17,PI88788,T,Base,9,3,147,132,279,5,50,27.77777778,41.24080552,2773.493061,30,3320,440,3760,110.6666667,0,8,100,7680,1760,9440,76.8,28,2.510638298,0.693975904
2015,17,PI88788,T,Base,9,4,144,157,301,4,50,22.22222222,38.09767614,2562.113884,16,1600,280,1880,100,0,0,120,11600,1400,13000,96.66666667,88,6.914893617,0.966666667
2015,17,PI88788,T,Base,9,5,122,146,268,0,0,0,40.42892532,2718.893155,29,3520,400,3920,121.3793103,0,4,90,8800,1120,9920,97.77777778,16,2.530612245,0.805555556
2015,17,PI88788,T,ILeVO,10,1,152,127,279,4,90,40,42.09935953,2831.231835,13,1340,120,1460,103.0769231,8,16,27,2480,520,3000,91.85185185,128,2.054794521,0.891100055
2015,17,PI88788,T,ILeVO,10,2,135,149,284,6,100,66.66666667,21.06875366,1416.89866,12,1300,160,1460,108.3333333,8,16,59,7280,1280,8560,123.3898305,40,5.863013699,1.138983051
2015,17,PI88788,T,ILeVO,10,3,147,122,269,5,90,50,44.77587476,3011.230658,27,2680,480,3160,99.25925926,0,36,97,6880,2080,8960,70.92783505,144,2.835443038,0.714571473
2015,17,PI88788,T,ILeVO,10,4,136,126,262,4,45,20,38.14373959,2565.211705,16,1920,400,2320,120,0,0,93,9440,1280,10720,101.5053763,28,4.620689655,0.845878136
2015,17,PI88788,T,ILeVO,10,5,152,131,283,5,80,44.44444444,27.5127535,1850.265288,13,1280,220,1500,98.46153846,0,0,23,2040,80,2120,88.69565217,40,1.413333333,0.900815217
2015,18,PI88788,S,Base,11,1,154,152,306,5.5,100,61.11111111,24.87712315,1673.016023,9,860,120,980,95.55555556,0,12,32,2160,400,2560,67.5,48,2.612244898,0.706395349
2015,18,PI88788,S,Base,11,2,155,162,317,2.5,15,4.166666667,32.32400914,2173.827933,27,2160,1000,3160,80,0,24,23,680,240,920,29.56521739,44,0.291139241,0.369565217
2015,18,PI88788,S,Base,11,3,158,149,307,3,50,16.66666667,33.12482648,2227.683849,32,2960,520,3480,92.5,0,8,40,5040,320,5360,126,76,1.540229885,1.362162162
2015,18,PI88788,S,Base,11,4,136,172,308,5,100,55.55555556,25.74319228,1731.260198,36,3720,560,4280,103.3333333,0,0,39,3680,400,4080,94.35897436,36,0.953271028,0.913151365
2015,18,PI88788,S,Base,11,5,145,162,307,5,75,41.66666667,38.3990627,2582.382487,21,2160,320,2480,102.8571429,0,0,75,7280,400,7680,97.06666667,8,3.096774194,0.943703704
2015,18,PI88788,S,ILeVO,12,1,143,153,296,3.5,80,31.11111111,31.97455637,2150.32682,14,1620,440,2060,115.7142857,0,36,42,2160,880,3040,51.42857143,80,1.475728155,0.444444444
2015,18,PI88788,S,ILeVO,12,2,158,147,305,4.5,85,42.5,31.03211539,2086.946547,31,3760,800,4560,121.2903226,0,0,8,760,100,860,95,28,0.188596491,0.783244681
2015,18,PI88788,S,ILeVO,12,3,165,143,308,3,10,3.333333333,36.24047038,2437.214595,21,1720,520,2240,81.9047619,0,20,27,2280,440,2720,84.44444444,168,1.214285714,1.031007752
2015,18,PI88788,S,ILeVO,12,4,133,168,301,4,60,26.66666667,39.41643547,2650.802012,63,8480,800,7280,134.6031746,0,0,25,2120,160,2280,84.8,52,0.313186813,0.63
2015,18,PI88788,S,ILeVO,12,5,161,144,305,5,80,44.44444444,40.18334897,2702.377854,7,740,60,800,105.7142857,0,0,60,6320,800,7120,105.3333333,20,8.9,0.996396396
2015,19,PI88788,T,Base,13,1,147,147,294,7,100,77.77777778,17.9723267,1208.660276,18,2080,440,2520,115.5555556,0,8,31,2200,360,2560,70.96774194,8,1.015873016,0.614143921
2015,19,PI88788,T,Base,13,2,153,153,306,6.5,100,72.22222222,31.47147295,2116.493864,10,1040,140,1180,104,0,24,65,3200,600,3800,49.23076923,36,3.220338983,0.473372781
2015,19,PI88788,T,Base,13,3,146,135,281,3,70,23.33333333,32.2647561,2169.843096,15,1400,360,1760,93.33333333,0,16,80,6560,480,7040,82,24,4,0.878571429
2015,19,PI88788,T,Base,13,4,144,123,267,3,15,5,50.25541281,3379.736087,26,2840,640,3480,109.2307692,0,8,90,7200,2400,9600,80,40,2.75862069,0.732394366
2015,19,PI88788,T,Base,13,5,151,142,293,3,40,13.33333333,31.76832946,2136.457816,5,520,60,580,104,0,0,25,2160,280,2440,86.4,8,4.206896552,0.830769231
2015,19,PI88788,T,ILeVO,14,1,166,145,311,5.5,100,61.11111111,23.98094589,1612.74704,13,1280,240,1520,98.46153846,0,8,25,1880,400,2280,75.2,52,1.5,0.76375
2015,19,PI88788,T,ILeVO,14,2,144,148,292,5.5,100,61.11111111,28.05942077,1887.02931,19,1920,400,2320,101.0526316,0,40,26,2600,600,3200,100,68,1.379310345,0.989583333
2015,19,PI88788,T,ILeVO,14,3,156,117,273,3,80,26.66666667,43.19333304,2904.802851,22,1920,560,2480,87.27272727,0,8,28,2040,240,2280,72.85714286,68,0.919354839,0.834821429
2015,19,PI88788,T,ILeVO,14,4,131,135,266,2.5,20,5.555555556,53.8552856,3621.8318,13,1560,200,1760,120,0,28,39,3080,520,3600,78.97435897,20,2.045454545,0.658119658
2015,19,PI88788,T,ILeVO,14,5,160,147,307,3.5,50,19.44444444,40.36916682,2714.874325,19,1880,280,2160,98.94736842,0,0,79,9280,800,10080,117.4683544,72,4.666666667,1.187180178
2015,20,PI88788,T,Base,15,1,149,148,297,3,95,31.66666667,27.19402877,1828.830672,10,1020,160,1180,102,0,32,27,2040,360,2400,75.55555556,52,2.033898305,0.740740741
2015,20,PI88788,T,Base,15,2,121,142,263,3,70,23.33333333,37.23276099,2503.947315,28,5280,520,5800,188.5714286,0,4,29,3680,400,4080,126.8965517,28,0.703448276,0.672936259
2015,20,PI88788,T,Base,15,3,134,139,273,1,1,0.111111111,29.62610254,1992.390516,39,4080,600,4680,104.6153846,0,0,54,4560,640,5200,84.44444444,28,1.111111111,0.807189542
2015,20,PI88788,T,Base,15,4,134,155,289,3,2,0.666666667,28.29325714,1902.755083,36,3920,760,4680,108.8888889,0,28,77,5440,480,5920,70.64935065,12,1.264957265,0.648820567
2015,20,PI88788,T,Base,15,5,150,135,285,2,1,0.222222222,22.96855141,1544.662311,29,3320,360,3680,114.4827586,0,0,59,6720,880,7600,113.8983051,48,2.065217391,0.994894834
2015,20,PI88788,T,ILeVO,16,1,145,141,286,3.5,80,31.11111111,36.6534869,2464.990445,11,1080,100,1180,98.18181818,0,4,18,1600,320,1920,88.88888889,92,1.627118644,0.905349794
2015,20,PI88788,T,ILeVO,16,2,123,134,257,2.5,95,26.38888889,43.27904158,2910.566852,15,1240,440,1680,82.66666667,0,24,37,5640,1120,6760,152.4324324,156,4.023809524,1.843940715
2015,20,PI88788,T,ILeVO,16,3,141,125,266,3,15,5,31.97455637,2150.32682,15,1520,200,1720,101.3333333,0,4,16,720,200,920,45,32,0.534883721,0.444078947
2015,20,PI88788,T,ILeVO,16,4,134,138,272,2,20,4.444444444,39.9748904,2688.358768,33,3760,480,4240,113.9393939,8,40,41,6240,720,6960,152.195122,92,1.641509434,1.33575506
2015,20,PI88788,T,ILeVO,16,5,153,117,270,2,30,6.666666667,19.3066694,1298.396404,13,1240,240,1480,95.38461538,0,8,49,4640,240,4880,94.69387755,8,3.297297297,0.992758394
2015,21,Susc.,MT,Base,17,1,147,146,293,6,100,66.66666667,31.01792441,2085.992187,4,440,80,520,110,0,24,19,1040,160,1200,54.73684211,148,2.307692308,0.497607656
2015,21,Susc.,MT,Base,17,2,150,150,300,5.5,100,61.11111111,36.47523184,2453.002581,3,310,40,350,103.3333333,0,24,103,7680,1920,9600,74.5631068,92,27.42857143,0.721578453
2015,21,Susc.,MT,Base,17,3,125,139,264,5,45,25,45.08142897,3031.77954,51,5600,880,6480,109.8039216,0,16,52,4080,640,4720,78.46153846,4,0.728395062,0.71456044
2015,21,Susc.,MT,Base,17,4,137,160,297,5,100,55.55555556,33.0251654,2220.981523,20,2120,400,2520,106,0,8,116,7840,1120,8960,67.5862069,44,3.555555556,0.637605725
2015,21,Susc.,MT,Base,17,5,139,134,273,5,60,33.33333333,28.482947,1915.511951,39,3680,1120,4800,94.35897436,0,20,143,14000,1400,15400,97.9020979,16,3.208333333,1.037549407
2015,21,Susc.,MT,ILeVO,18,1,155,134,289,5,95,52.77777778,38.19769963,2568.840582,3,260,50,310,86.66666667,0,8,28,1200,40,1240,42.85714286,48,4,0.494505495
2015,21,Susc.,MT,ILeVO,18,2,137,145,282,6,100,66.66666667,19.19184457,1290.674298,14,1280,220,1500,91.42857143,0,8,56,6400,800,7200,114.2857143,32,4.8,1.25
2015,21,Susc.,MT,ILeVO,18,3,143,132,275,4,90,40,35.73602317,2403.289922,58,6240,800,7040,107.5862069,0,24,112,7040,2400,9440,62.85714286,24,1.340909091,0.584249084
2015,21,Susc.,MT,ILeVO,18,4,141,143,284,5,100,55.55555556,35.74203145,2403.693986,28,2960,360,3320,105.7142857,0,0,32,2360,320,2680,73.75,36,0.807228916,0.697635135
2015,21,Susc.,MT,ILeVO,18,5,124,157,281,5,90,50,31.08052493,2090.202146,25,3320,560,3880,132.8,0,8,67,5520,640,6160,82.3880597,44,1.587628866,0.620392016
2015,22,PI88788,T,Base,19,1,145,152,297,8.5,100,94.44444444,5.766142345,387.7799082,6,540,100,640,90,0,20,10,920,180,1100,92,16,1.71875,1.022222222
2015,22,PI88788,T,Base,19,2,157,156,313,6.5,100,72.22222222,20.76119669,1396.215089,32,3240,640,3880,101.25,0,20,48,4000,560,4560,83.33333333,68,1.175257732,0.823045267
2015,22,PI88788,T,Base,19,3,168,142,310,6.5,95,68.61111111,21.58109746,1451.354388,47,4880,640,5520,103.8297872,0,8,117,7520,960,8480,64.27350427,8,1.536231884,0.619027603
2015,22,PI88788,T,Base,19,4,142,152,294,7,100,77.77777778,17.43654108,1172.628058,10,980,260,1240,98,0,4,39,3360,400,3760,86.15384615,0,3.032258065,0.879120879
2015,22,PI88788,T,Base,19,5,107,159,266,4,40,17.77777778,25.56591953,1719.338396,26,2840,440,3280,109.2307692,0,0,52,4640,720,5360,89.23076923,52,1.634146341,0.816901408
2015,22,PI88788,T,ILeVO,20,1,146,156,302,8,100,88.88888889,9.262186404,622.8930156,25,2440,520,2960,97.6,12,36,4,300,50,350,75,76,0.118243243,0.768442623
2015,22,PI88788,T,ILeVO,20,2,159,145,304,6,100,66.66666667,23.18126345,1558.967447,44,4960,720,5680,112.7272727,0,0,18,3120,440,3560,173.3333333,76,0.626760563,1.537634409
2015,22,PI88788,T,ILeVO,20,3,157,143,300,5.5,100,61.11111111,34.53179302,2322.304017,20,1920,280,2200,96,0,20,65,5760,560,6320,88.61538462,148,2.872727273,0.923076923
2015,22,PI88788,T,ILeVO,20,4,157,138,295,6,100,66.66666667,26.42813572,1777.323457,42,3920,720,4640,93.33333333,0,56,26,1800,40,1840,69.23076923,72,0.396551724,0.741758242
2015,22,PI88788,T,ILeVO,20,5,126,140,266,4,80,35.55555556,26.76593434,1800.040814,44,4960,800,5760,112.7272727,0,0,21,1760,200,1960,83.80952381,68,0.340277778,0.743471582
2016,23,PI88788,S,Base,1,1,135,141,276,5,100,55.55555556,58.59741698,3940.745757,19,520,80,600,27.36842105,0,0,59,5360,1440,6800,90.84745763,4,11.33333333,18
2016,23,PI88788,S,Base,1,2,137,132,269,2.5,100,27.77777778,74.9385023,5039.703116,8,220,80,300,27.5,0,92,9,1000,120,1120,111.1111111,112,3.733333333,1.5
2016,23,PI88788,S,Base,1,3,136,137,273,7,100,77.77777778,23.38818355,1572.883069,41,2000,600,2600,48.7804878,0,40,76,6480,800,7280,85.26315789,12,2.8,1.333333333
2016,23,PI88788,S,Base,1,4,120,128,248,5,100,55.55555556,62.57244773,4208.071287,17,760,400,1160,44.70588235,0,232,24,2600,880,3480,108.3333333,128,3,2.2
2016,23,PI88788,S,Low ILeVO,2,1,138,149,287,6,100,66.66666667,55.92042059,3760.714576,4,260,40,300,65,0,8,107,9920,2720,12640,92.71028037,16,42.13333333,68
2016,23,PI88788,S,Low ILeVO,2,2,134,124,258,3.5,100,38.88888889,68.51949443,4608.017228,1,30,5,35,30,0,80,22,2240,440,2680,101.8181818,172,76.57142857,88
2016,23,PI88788,S,Low ILeVO,2,3,143,157,300,8,100,88.88888889,23.14260224,1556.367435,64,4080,640,4720,63.75,0,84,61,5680,800,6480,93.1147541,100,1.372881356,1.25
2016,23,PI88788,S,Low ILeVO,2,4,151,116,267,3.5,100,38.88888889,73.03285768,4911.546257,19,860,280,1040,45.26315789,0,84,10,740,140,880,74,220,0.846153846,0.5
2016,23,PI88788,S,ILeVO,3,1,149,140,289,6,100,66.66666667,40.60360705,2730.640708,16,760,240,1000,47.5,0,40,89,5920,2080,8000,66.51685393,160,8,8.666666667
2016,23,PI88788,S,ILeVO,3,2,140,117,257,3,90,30,72.42374183,4870.582494,2,60,30,90,30,0,284,14,1120,180,1300,80,220,14.44444444,6
2016,23,PI88788,S,ILeVO,3,3,121,137,258,6,100,66.66666667,39.5867353,2662.254877,5,180,40,220,36,0,272,42,4160,720,4880,99.04761905,360,22.18181818,18
2016,23,PI88788,S,ILeVO,3,4,132,117,249,5.5,100,61.11111111,49.82250965,3350.622837,8,480,120,600,60,0,380,108,11200,3680,14880,103.7037037,276,24.8,30.66666667
2016,24,PI88788,MT,Base,4,1,152,138,290,1.5,80,13.33333333,80.01414157,5381.045874,19,1120,200,1320,58.94736842,0,4,47,2000,960,2960,42.55319149,288,2.242424242,4.8
2016,24,PI88788,MT,Base,4,2,108,131,239,1.5,60,10,78.3360555,5268.192597,6,300,60,360,50,0,108,12,840,120,960,70,208,2.666666667,2
2016,24,PI88788,MT,Base,4,3,135,127,262,2,99,22,67.65539956,4549.905823,37,1600,520,2120,43.24324324,0,60,113,6200,1400,7600,54.86725664,300,3.58490566,2.692307692
2016,24,PI88788,MT,Base,4,4,81,94,175,1.5,10,1.666666667,62.61778035,4211.119959,27,1480,480,1960,54.81481481,0,20,21,1520,320,1840,72.38095238,464,0.93877551,0.666666667
2016,24,PI88788,MT,Low ILeVO,5,1,119,148,267,1.5,80,13.33333333,73.14604326,4919.158121,8,180,20,200,22.5,8,44,21,1400,120,1520,66.66666667,240,7.6,6
2016,24,PI88788,MT,Low ILeVO,5,2,130,113,243,1.5,80,13.33333333,67.27636685,4524.415424,3,160,40,200,53.33333333,0,8,25,2160,400,2560,86.4,200,12.8,10
2016,24,PI88788,MT,Low ILeVO,5,3,142,131,273,1,75,8.333333333,69.96911295,4705.505791,35,1880,600,2480,53.71428571,0,216,70,5520,720,6240,78.85714286,304,2.516129032,1.2
2016,24,PI88788,MT,Low ILeVO,5,4,131,118,249,2,5,1.111111111,72.02776668,4843.952695,12,60,80,140,5,0,24,7,580,100,680,82.85714286,316,4.857142857,1.25
2016,24,PI88788,MT,ILeVO,6,1,131,120,251,1.5,5,0.833333333,83.23391334,5597.579343,9,560,200,760,62.22222222,0,52,18,1520,240,1760,84.44444444,148,2.315789474,1.2
2016,24,PI88788,MT,ILeVO,6,2,143,111,254,1.5,20,3.333333333,67.22045875,4520.655538,19,440,320,760,23.15789474,0,160,8,620,60,680,77.5,384,0.894736842,0.1875
2016,24,PI88788,MT,ILeVO,6,3,139,128,267,1.5,95,15.83333333,73.61443604,4950.658091,5,140,40,180,28,0,256,39,3360,280,3640,86.15384615,52,20.22222222,7
2016,24,PI88788,MT,ILeVO,6,4,152,127,279,1.5,75,12.5,80.34587835,5403.355566,10,420,40,460,42,0,112,28,2440,440,2880,87.14285714,164,6.260869565,11
2016,25,PI88788,T,Base,7,1,125,119,244,2,1,0.222222222,84.66738234,5693.981832,15,800,120,920,53.33333333,8,80,6,520,80,640,86.66666667,432,0.695652174,0.666666667
2016,25,PI88788,T,Base,7,2,138,122,260,0,0,0,86.31314223,5804.661136,8,300,80,380,37.5,12,288,5,420,40,460,84,244,1.210526316,0.5
2016,25,PI88788,T,Base,7,3,128,125,253,1.5,15,2.5,78.44475117,5275.502509,38,1680,480,2160,44.21052632,0,52,44,3600,960,4560,81.81818182,360,2.111111111,2
2016,25,PI88788,T,Base,7,4,114,129,243,1,1,0.111111111,67.13617051,4514.987054,31,1880,520,2400,60.64516129,0,56,13,840,100,940,64.61538462,336,0.391666667,0.192307692
2016,25,PI88788,T,Low ILeVO,8,1,124,130,254,0,0,0,84.78580679,5701.946017,12,440,100,540,36.66666667,0,152,10,860,200,1060,86,400,1.962962963,2
2016,25,PI88788,T,Low ILeVO,8,2,95,120,215,0,0,0,74.09406882,4982.913964,3,100,40,140,33.33333333,0,148,9,860,100,960,95.55555556,992,6.857142857,2.5
2016,25,PI88788,T,Low ILeVO,8,3,130,151,281,1,1,0.111111111,84.77913445,5701.497294,21,1200,360,1560,57.14285714,0,76,48,4160,640,4800,86.66666667,484,3.076923077,1.777777778
2016,25,PI88788,T,Low ILeVO,8,4,149,116,265,1,2,0.222222222,69.39475266,4666.879381,22,920,160,1080,41.81818182,0,100,11,860,200,1060,78.18181818,328,0.981481481,1.25
2016,25,PI88788,T,ILeVO,9,1,134,125,259,1,1,0.111111111,84.20038377,5662.575625,9,220,80,300,24.44444444,0,124,37,1880,480,2360,50.81081081,616,7.866666667,6
2016,25,PI88788,T,ILeVO,9,2,127,110,237,1,1,0.111111111,86.31821948,5805.002587,6,200,80,280,33.33333333,0,272,27,1320,520,1840,48.88888889,584,6.571428571,6.5
2016,25,PI88788,T,ILeVO,9,3,139,126,265,0,0,0,69.20525364,4654.135347,13,820,160,980,63.07692308,0,984,30,1720,200,1920,57.33333333,284,1.959183673,1.25
2016,25,PI88788,T,ILeVO,9,4,128,126,254,1,10,1.111111111,78.87887674,5304.697969,16,280,160,440,17.5,0,176,33,2240,240,2480,67.87878788,300,5.636363636,1.5